q,q_uncertainty,name,lat_NS,long_EW,elevation,environment,p_comment,corr_HP_flag,total_depth_MD,total_depth_TVD,explo_method,explo_purpose,qc,qc_uncertainty,q_method,q_top,q_bottom,probe_penetration,publication_reference,data_reference,relevant_child,c_comment,corr_IS_flag,corr_T_flag,corr_S_flag,corr_E_flag,corr_TOPO_flag,corr_PAL_flag,corr_SUR_flag,corr_CONV_flag,corr_HR_flag,expedition,probe_type,probe_length,probe_tilt,water_temperature,geo_lithology,geo_stratigraphy,T_grad_mean,T_grad_uncertainty,T_grad_mean_cor,T_grad_uncertainty_cor,T_method_top,T_method_bottom,T_shutin_top,T_shutin_bottom,T_corr_top,T_corr_bottom,T_number,q_date,tc_mean,tc_uncertainty,tc_source,tc_location,tc_method,tc_saturation,tc_pT_conditions,tc_pT_fuction,tc_number,tc_strategy,Ref_ISGN,Reviewer_name,Reviewer_comment,Review_date,Review_status,Country,Region,Continent,Domain,Year,Quality_Code,ID_parent,ID
1360.0,,Ijen-1,-8.06050,114.24438,,onshore (continental),Active volcanic area,No,1.00,,Drilling,Geothermal,1360.0,,Interval method,0.00,1.00,,Afandi_etal._2021,,Yes,,,,,,,,,,,,,,,,tuff;sand;volcanic breccia;sulfur,Holocene,800.00,,,,RTDpert,RTDpert,0.0,0.0,not corrected,not corrected,3,,1.70,,Assumed from literature,Literature/unspecified,Estimation - from lithology and literature,,Unrecorded ambient pT conditions,,,Characterize formation conductivities,,"Marvin Schulz, Florian Neumann",coordinates obtained by georeferencing figure 7 (MS),23/10/2023,completed,Indonesia,,Asia,continental,2021,Ux.M4.-------,R24-P002203,R24-002203
4760.0,,Ijen-10,-8.06034,114.24416,,onshore (continental),Active volcanic area,No,1.00,,Drilling,Geothermal,4760.0,,Interval method,0.00,1.00,,Afandi_etal._2021,,Yes,,,,,,,,,,,,,,,,tuff;sand;volcanic breccia;sulfur,Holocene,2800.00,,,,RTDpert,RTDpert,0.0,0.0,not corrected,not corrected,3,,1.70,,Assumed from literature,Literature/unspecified,Estimation - from lithology and literature,,Unrecorded ambient pT conditions,,,Characterize formation conductivities,,"Marvin Schulz, Florian Neumann",coordinates obtained by georeferencing figure 7 (MS),23/10/2023,completed,Indonesia,,Asia,continental,2021,Ux.M4.-------,R24-P002204,R24-002204
21080.0,,Ijen-11,-8.06048,114.24409,,onshore (continental),Active volcanic area,No,1.00,,Drilling,Geothermal,21080.0,,Interval method,0.00,1.00,,Afandi_etal._2021,,Yes,,,,,,,,,,,,,,,,tuff;sand;volcanic breccia;sulfur,Holocene,12400.00,,,,RTDpert,RTDpert,0.0,0.0,not corrected,not corrected,3,,1.70,,Assumed from literature,Literature/unspecified,Estimation - from lithology and literature,,Unrecorded ambient pT conditions,,,Characterize formation conductivities,,"Marvin Schulz, Florian Neumann",coordinates obtained by georeferencing figure 7 (MS),23/10/2023,completed,Indonesia,,Asia,continental,2021,Ux.M4.-------,R24-P002205,R24-002205
109480.0,,Ijen-12,-8.06050,114.24403,,onshore (continental),Active volcanic area,No,1.00,,Drilling,Geothermal,109480.0,,Interval method,0.00,1.00,,Afandi_etal._2021,,Yes,,,,,,,,,,,,,,,,tuff;sand;volcanic breccia;sulfur,Holocene,64400.00,,,,RTDpert,RTDpert,0.0,0.0,not corrected,not corrected,3,,1.70,,Assumed from literature,Literature/unspecified,Estimation - from lithology and literature,,Unrecorded ambient pT conditions,,,Characterize formation conductivities,,"Marvin Schulz, Florian Neumann",coordinates obtained by georeferencing figure 7 (MS),23/10/2023,completed,Indonesia,,Asia,continental,2021,Ux.M4.-------,R24-P002206,R24-002206
59500.0,,Ijen-13,-8.06034,114.24488,,onshore (continental),Active volcanic area,No,1.00,,Drilling,Geothermal,59500.0,,Interval method,0.00,1.00,,Afandi_etal._2021,,Yes,,,,,,,,,,,,,,,,tuff;sand;volcanic breccia;sulfur,Holocene,35000.00,,,,RTDpert,RTDpert,0.0,0.0,not corrected,not corrected,3,,1.70,,Assumed from literature,Literature/unspecified,Estimation - from lithology and literature,,Unrecorded ambient pT conditions,,,Characterize formation conductivities,,"Marvin Schulz, Florian Neumann",coordinates obtained by georeferencing figure 7 (MS),23/10/2023,completed,Indonesia,,Asia,continental,2021,Ux.M4.-------,R24-P002207,R24-002207
15980.0,,Ijen-2,-8.06074,114.24468,,onshore (continental),Active volcanic area,No,1.00,,Drilling,Geothermal,15980.0,,Interval method,0.00,1.00,,Afandi_etal._2021,,Yes,,,,,,,,,,,,,,,,tuff;sand;volcanic breccia;sulfur,Holocene,9400.00,,,,RTDpert,RTDpert,0.0,0.0,not corrected,not corrected,3,,1.70,,Assumed from literature,Literature/unspecified,Estimation - from lithology and literature,,Unrecorded ambient pT conditions,,,Characterize formation conductivities,,"Marvin Schulz, Florian Neumann",coordinates obtained by georeferencing figure 7 (MS),23/10/2023,completed,Indonesia,,Asia,continental,2021,Ux.M4.-------,R24-P002208,R24-002208
10880.0,,Ijen-3,-8.06070,114.24466,,onshore (continental),Active volcanic area,No,1.00,,Drilling,Geothermal,10880.0,,Interval method,0.00,1.00,,Afandi_etal._2021,,Yes,,,,,,,,,,,,,,,,tuff;sand;volcanic breccia;sulfur,Holocene,6400.00,,,,RTDpert,RTDpert,0.0,0.0,not corrected,not corrected,3,,1.70,,Assumed from literature,Literature/unspecified,Estimation - from lithology and literature,,Unrecorded ambient pT conditions,,,Characterize formation conductivities,,"Marvin Schulz, Florian Neumann",coordinates obtained by georeferencing figure 7 (MS),23/10/2023,completed,Indonesia,,Asia,continental,2021,Ux.M4.-------,R24-P002209,R24-002209
35360.0,,Ijen-4,-8.06058,114.24450,,onshore (continental),Active volcanic area,No,1.00,,Drilling,Geothermal,35360.0,,Interval method,0.00,1.00,,Afandi_etal._2021,,Yes,,,,,,,,,,,,,,,,tuff;sand;volcanic breccia;sulfur,Holocene,20800.00,,,,RTDpert,RTDpert,0.0,0.0,not corrected,not corrected,3,,1.70,,Assumed from literature,Literature/unspecified,Estimation - from lithology and literature,,Unrecorded ambient pT conditions,,,Characterize formation conductivities,,"Marvin Schulz, Florian Neumann",coordinates obtained by georeferencing figure 7 (MS),23/10/2023,completed,Indonesia,,Asia,continental,2021,Ux.M4.-------,R24-P002210,R24-002210
7820.0,,Ijen-5,-8.06033,114.24423,,onshore (continental),Active volcanic area,No,1.00,,Drilling,Geothermal,7820.0,,Interval method,0.00,1.00,,Afandi_etal._2021,,Yes,,,,,,,,,,,,,,,,tuff;sand;volcanic breccia;sulfur,Holocene,4600.00,,,,RTDpert,RTDpert,0.0,0.0,not corrected,not corrected,3,,1.70,,Assumed from literature,Literature/unspecified,Estimation - from lithology and literature,,Unrecorded ambient pT conditions,,,Characterize formation conductivities,,"Marvin Schulz, Florian Neumann",coordinates obtained by georeferencing figure 7 (MS),23/10/2023,completed,Indonesia,,Asia,continental,2021,Ux.M4.-------,R24-P002211,R24-002211
5440.0,,Ijen-6,-8.06025,114.24429,,onshore (continental),Active volcanic area,No,1.00,,Drilling,Geothermal,5440.0,,Interval method,0.00,1.00,,Afandi_etal._2021,,Yes,,,,,,,,,,,,,,,,tuff;sand;volcanic breccia;sulfur,Holocene,3200.00,,,,RTDpert,RTDpert,0.0,0.0,not corrected,not corrected,3,,1.70,,Assumed from literature,Literature/unspecified,Estimation - from lithology and literature,,Unrecorded ambient pT conditions,,,Characterize formation conductivities,,"Marvin Schulz, Florian Neumann",coordinates obtained by georeferencing figure 7 (MS),23/10/2023,completed,Indonesia,,Asia,continental,2021,Ux.M4.-------,R24-P002212,R24-002212
-6120.0,,Ijen-7,-8.06022,114.24416,,onshore (continental),Active volcanic area,No,1.00,,Drilling,Geothermal,-6120.0,,Interval method,0.00,1.00,,Afandi_etal._2021,,Yes,,,,,,,,,,,,,,,,tuff;sand;volcanic breccia;sulfur,Holocene,-3600.00,,,,RTDpert,RTDpert,0.0,0.0,not corrected,not corrected,3,,1.70,,Assumed from literature,Literature/unspecified,Estimation - from lithology and literature,,Unrecorded ambient pT conditions,,,Characterize formation conductivities,,"Marvin Schulz, Florian Neumann",coordinates obtained by georeferencing figure 7 (MS),23/10/2023,completed,Indonesia,,Asia,continental,2021,Ux.M4.-------,R24-P002213,R24-002213
2720.0,,Ijen-8,-8.06005,114.24419,,onshore (continental),Active volcanic area,No,1.00,,Drilling,Geothermal,2720.0,,Interval method,0.00,1.00,,Afandi_etal._2021,,Yes,,,,,,,,,,,,,,,,tuff;sand;volcanic breccia;sulfur,Holocene,1600.00,,,,RTDpert,RTDpert,0.0,0.0,not corrected,not corrected,3,,1.70,,Assumed from literature,Literature/unspecified,Estimation - from lithology and literature,,Unrecorded ambient pT conditions,,,Characterize formation conductivities,,"Marvin Schulz, Florian Neumann",coordinates obtained by georeferencing figure 7 (MS),23/10/2023,completed,Indonesia,,Asia,continental,2021,Ux.M4.-------,R24-P002214,R24-002214
5780.0,,Ijen-9,-8.06099,114.24427,,onshore (continental),Active volcanic area,No,1.00,,Drilling,Geothermal,5780.0,,Interval method,0.00,1.00,,Afandi_etal._2021,,Yes,,,,,,,,,,,,,,,,tuff;sand;volcanic breccia;sulfur,Holocene,3400.00,,,,RTDpert,RTDpert,0.0,0.0,not corrected,not corrected,3,,1.70,,Assumed from literature,Literature/unspecified,Estimation - from lithology and literature,,Unrecorded ambient pT conditions,,,Characterize formation conductivities,,"Marvin Schulz, Florian Neumann",coordinates obtained by georeferencing figure 7 (MS),23/10/2023,completed,Indonesia,,Asia,continental,2021,Ux.M4.-------,R24-P002215,R24-002215
-174.0,,2603,75.00000,15.53300,-703.00,offshore (continental),,,,,Probing (offshore/ocean),Research,-174.0,,Interval method,,,,Akhmedzyanov_etal._2012b,,Yes,,Considered – pT,,,,,,,,,R/V 26 Akademik Nikolai Strakhov,Violin-Bow probe (Lister),,,,sediments,Cenozoic,-174.00,,,,,,,,,,,2009-01,1.00,,In-situ probe,Actual heat-flow location,Probe - pulse technique,Saturated measured in-situ,Actual in-situ (pT) conditions,,,,,"Alexey Petrunin,Florian Neumann",,6/06/2023,completed,,Norwegian Sea,Eurasian Plate,marine,2012,Ux.M4.-------,R24-P002216,R24-002257
-302.0,,2604,75.15000,15.05000,-614.00,offshore (continental),,,,,Probing (offshore/ocean),Research,-302.0,,Interval method,,,,Akhmedzyanov_etal._2012b,,Yes,,Considered – pT,,,,,,,,,R/V 26 Akademik Nikolai Strakhov,Violin-Bow probe (Lister),,,,sediments,Cenozoic,-302.00,,,,,,,,,,,2009-01,1.00,,In-situ probe,Actual heat-flow location,Probe - pulse technique,Saturated measured in-situ,Actual in-situ (pT) conditions,,,,,"Alexey Petrunin,Florian Neumann",,6/06/2023,completed,,Norwegian Sea,Eurasian Plate,marine,2012,Ux.M4.-------,R24-P002217,R24-002258
53.0,,2605,75.21700,13.43300,-1535.00,offshore (continental),,,,,Probing (offshore/ocean),Research,53.0,,Interval method,,,,Akhmedzyanov_etal._2012b,,Yes,,Considered – pT,,,,,,,,,R/V 26 Akademik Nikolai Strakhov,Violin-Bow probe (Lister),,,,sediments,Cenozoic,66.00,,,,,,,,,,,2009-01,0.80,,In-situ probe,Actual heat-flow location,Probe - pulse technique,Saturated measured in-situ,Actual in-situ (pT) conditions,,,,,"Alexey Petrunin,Florian Neumann",,6/06/2023,completed,,Norwegian Sea,Eurasian Plate,marine,2012,Ux.M3.-------,R24-P002218,R24-002259
-401.0,,2606,75.98300,17.02700,-324.00,offshore (continental),,,,,Probing (offshore/ocean),Research,-401.0,,Interval method,,,,Akhmedzyanov_etal._2012b,,Yes,,Considered – pT,,,,,,,,,R/V 26 Akademik Nikolai Strakhov,Violin-Bow probe (Lister),,,,sediments,Cenozoic,-401.00,,,,,,,,,,,2009-01,1.00,,In-situ probe,Actual heat-flow location,Probe - pulse technique,Saturated measured in-situ,Actual in-situ (pT) conditions,,,,,"Alexey Petrunin,Florian Neumann",,6/06/2023,completed,,Norwegian Sea,Eurasian Plate,marine,2012,Ux.M4.-------,R24-P002219,R24-002260
-186.0,,2607,75.66700,14.06700,-550.00,offshore (continental),,,,,Probing (offshore/ocean),Research,-186.0,,Interval method,,,,Akhmedzyanov_etal._2012b,,Yes,,Considered – pT,,,,,,,,,R/V 26 Akademik Nikolai Strakhov,Violin-Bow probe (Lister),,,,sediments,Cenozoic,-179.00,,,,,,,,,,,2009-01,1.04,,In-situ probe,Actual heat-flow location,Probe - pulse technique,Saturated measured in-situ,Actual in-situ (pT) conditions,,,,,"Alexey Petrunin,Florian Neumann",,6/06/2023,completed,,Norwegian Sea,Eurasian Plate,marine,2012,Ux.M4.-------,R24-P002220,R24-002261
55.0,,2608,75.55200,12.98500,-1480.00,offshore (continental),,,,,Probing (offshore/ocean),Research,55.0,,Interval method,,,,Akhmedzyanov_etal._2012b,,Yes,,Considered – pT,,,,,,,,,R/V 26 Akademik Nikolai Strakhov,Violin-Bow probe (Lister),,,,sediments,Cenozoic,69.00,,,,,,,,,,,2009-01,0.80,,In-situ probe,Actual heat-flow location,Probe - pulse technique,Saturated measured in-situ,Actual in-situ (pT) conditions,,,,,"Alexey Petrunin,Florian Neumann",,6/06/2023,completed,,Norwegian Sea,Eurasian Plate,marine,2012,Ux.M4.-------,R24-P002221,R24-002262
64.0,,2609,75.43300,12.06700,-1993.00,offshore (continental),,,,,Probing (offshore/ocean),Research,64.0,,Interval method,,,,Akhmedzyanov_etal._2012b,,Yes,,Considered – pT,,,,,,,,,R/V 26 Akademik Nikolai Strakhov,Violin-Bow probe (Lister),,,,sediments,Cenozoic,64.00,,,,,,,,,,,2009-01,1.00,,In-situ probe,Actual heat-flow location,Probe - pulse technique,Saturated measured in-situ,Actual in-situ (pT) conditions,,,,,"Alexey Petrunin,Florian Neumann",,6/06/2023,completed,,Norwegian Sea,Eurasian Plate,marine,2012,Ux.M3.-------,R24-P002222,R24-002263
89.0,,2610,75.30000,11.00000,-2360.00,offshore (continental),,,,,Probing (offshore/ocean),Research,89.0,,Interval method,,,,Akhmedzyanov_etal._2012b,,Yes,,Considered – pT,,,,,,,,,R/V 26 Akademik Nikolai Strakhov,Violin-Bow probe (Lister),,,,sediments,Cenozoic,86.00,,,,,,,,,,,2009-01,1.04,,In-situ probe,Actual heat-flow location,Probe - pulse technique,Saturated measured in-situ,Actual in-situ (pT) conditions,,,,,"Alexey Petrunin,Florian Neumann",,6/06/2023,completed,,Norwegian Sea,Eurasian Plate,marine,2012,Ux.M3.-------,R24-P002223,R24-002264
118.0,,2611,75.13300,9.85000,-2511.00,offshore (continental),,,,,Probing (offshore/ocean),Research,118.0,,Interval method,,,,Akhmedzyanov_etal._2012b,,Yes,,Considered – pT,,,,,,,,,R/V 26 Akademik Nikolai Strakhov,Violin-Bow probe (Lister),,,,sediments,Cenozoic,120.00,,,,,,,,,,,2009-01,0.98,,In-situ probe,Actual heat-flow location,Probe - pulse technique,Saturated measured in-situ,Actual in-situ (pT) conditions,,,,,"Alexey Petrunin,Florian Neumann",,6/06/2023,completed,,Greenland Sea,Eurasian Plate,marine,2012,Ux.M3.-------,R24-P002224,R24-002265
230.0,,2612,74.90000,8.40000,-3450.00,offshore (continental),,,,,Probing (offshore/ocean),Research,230.0,,Interval method,,,,Akhmedzyanov_etal._2012b,,Yes,,Considered – pT,,,,,,,,,R/V 26 Akademik Nikolai Strakhov,Violin-Bow probe (Lister),,,,sediments,Cenozoic,288.00,,,,,,,,,,,2009-01,0.80,,In-situ probe,Actual heat-flow location,Probe - pulse technique,Saturated measured in-situ,Actual in-situ (pT) conditions,,,,,"Alexey Petrunin,Florian Neumann",,6/06/2023,completed,,Greenland Sea,North American Plate,marine,2012,Ux.M3.-------,R24-P002225,R24-002266
119.0,,2614,74.73300,9.86700,-2548.00,offshore (continental),,,,,Probing (offshore/ocean),Research,119.0,,Interval method,,,,Akhmedzyanov_etal._2012b,,Yes,,Considered – pT,,,,,,,,,R/V 26 Akademik Nikolai Strakhov,Violin-Bow probe (Lister),,,,sediments,Cenozoic,113.00,,,,,,,,,,,2009-01,1.05,,In-situ probe,Actual heat-flow location,Probe - pulse technique,Saturated measured in-situ,Actual in-situ (pT) conditions,,,,,"Alexey Petrunin,Florian Neumann",,6/06/2023,completed,,Norwegian Sea,Eurasian Plate,marine,2012,Ux.M3.-------,R24-P002226,R24-002267
83.0,,2615,74.88300,11.31700,-2431.00,offshore (continental),,,,,Probing (offshore/ocean),Research,83.0,,Interval method,,,,Akhmedzyanov_etal._2012b,,Yes,,Considered – pT,,,,,,,,,R/V 26 Akademik Nikolai Strakhov,Violin-Bow probe (Lister),,,,sediments,Cenozoic,92.00,,,,,,,,,,,2009-01,0.90,,In-situ probe,Actual heat-flow location,Probe - pulse technique,Saturated measured in-situ,Actual in-situ (pT) conditions,,,,,"Alexey Petrunin,Florian Neumann",,6/06/2023,completed,,Norwegian Sea,Eurasian Plate,marine,2012,Ux.M3.-------,R24-P002227,R24-002268
66.0,,2616,75.01700,12.50000,-2147.00,offshore (continental),,,,,Probing (offshore/ocean),Research,66.0,,Interval method,,,,Akhmedzyanov_etal._2012b,,Yes,,Considered – pT,,,,,,,,,R/V 26 Akademik Nikolai Strakhov,Violin-Bow probe (Lister),,,,sediments,Cenozoic,66.00,,,,,,,,,,,2009-01,1.00,,In-situ probe,Actual heat-flow location,Probe - pulse technique,Saturated measured in-situ,Actual in-situ (pT) conditions,,,,,"Alexey Petrunin,Florian Neumann",,6/06/2023,completed,,Norwegian Sea,Eurasian Plate,marine,2012,Ux.M3.-------,R24-P002228,R24-002269
49.0,,2617,75.80000,12.85000,-1505.00,offshore (continental),,,,,Probing (offshore/ocean),Research,49.0,,Interval method,,,,Akhmedzyanov_etal._2012b,,Yes,,Considered – pT,,,,,,,,,R/V 26 Akademik Nikolai Strakhov,Violin-Bow probe (Lister),,,,sediments,Cenozoic,61.00,,,,,,,,,,,2009-01,0.80,,In-situ probe,Actual heat-flow location,Probe - pulse technique,Saturated measured in-situ,Actual in-situ (pT) conditions,,,,,"Alexey Petrunin,Florian Neumann",,6/06/2023,completed,,Greenland Sea,Eurasian Plate,marine,2012,Ux.M3.-------,R24-P002229,R24-002270
53.0,,2618,75.77800,13.23200,-1247.00,offshore (continental),,,,,Probing (offshore/ocean),Research,53.0,,Interval method,,,,Akhmedzyanov_etal._2012b,,Yes,,Considered – pT,,,,,,,,,R/V 26 Akademik Nikolai Strakhov,Violin-Bow probe (Lister),,,,sediments,Cenozoic,53.00,,,,,,,,,,,2009-01,1.00,,In-situ probe,Actual heat-flow location,Probe - pulse technique,Saturated measured in-situ,Actual in-situ (pT) conditions,,,,,"Alexey Petrunin,Florian Neumann",,6/06/2023,completed,,Norwegian Sea,Eurasian Plate,marine,2012,Ux.M4.-------,R24-P002230,R24-002271
50.0,,2619,75.76900,13.37400,-1207.00,offshore (continental),,,,,Probing (offshore/ocean),Research,50.0,,Interval method,,,,Akhmedzyanov_etal._2012b,,Yes,,Considered – pT,,,,,,,,,R/V 26 Akademik Nikolai Strakhov,Violin-Bow probe (Lister),,,,sediments,Cenozoic,57.00,,,,,,,,,,,2009-01,0.88,,In-situ probe,Actual heat-flow location,Probe - pulse technique,Saturated measured in-situ,Actual in-situ (pT) conditions,,,,,"Alexey Petrunin,Florian Neumann",,6/06/2023,completed,,Norwegian Sea,Eurasian Plate,marine,2012,Ux.M4.-------,R24-P002231,R24-002272
52.0,,2620,75.75300,13.57500,-997.00,offshore (continental),,,,,Probing (offshore/ocean),Research,52.0,,Interval method,,,,Akhmedzyanov_etal._2012b,,Yes,,Considered – pT,,,,,,,,,R/V 26 Akademik Nikolai Strakhov,Violin-Bow probe (Lister),,,,sediments,Cenozoic,45.00,,,,,,,,,,,2009-01,1.15,,In-situ probe,Actual heat-flow location,Probe - pulse technique,Saturated measured in-situ,Actual in-situ (pT) conditions,,,,,"Alexey Petrunin,Florian Neumann",,6/06/2023,completed,,Norwegian Sea,Eurasian Plate,marine,2012,Ux.M4.-------,R24-P002232,R24-002273
32.0,,2621,75.73700,13.72500,-873.00,offshore (continental),,,,,Probing (offshore/ocean),Research,32.0,,Interval method,,,,Akhmedzyanov_etal._2012b,,Yes,,Considered – pT,,,,,,,,,R/V 26 Akademik Nikolai Strakhov,Violin-Bow probe (Lister),,,,sediments,Cenozoic,28.00,,,,,,,,,,,2009-01,1.14,,In-situ probe,Actual heat-flow location,Probe - pulse technique,Saturated measured in-situ,Actual in-situ (pT) conditions,,,,,"Alexey Petrunin,Florian Neumann",,6/06/2023,completed,,Norwegian Sea,Eurasian Plate,marine,2012,Ux.M4.-------,R24-P002233,R24-002274
16.0,,2622,75.72900,13.85400,-774.00,offshore (continental),,,,,Probing (offshore/ocean),Research,16.0,,Interval method,,,,Akhmedzyanov_etal._2012b,,Yes,,Considered – pT,,,,,,,,,R/V 26 Akademik Nikolai Strakhov,Violin-Bow probe (Lister),,,,sediments,Cenozoic,16.00,,,,,,,,,,,2009-01,1.02,,In-situ probe,Actual heat-flow location,Probe - pulse technique,Saturated measured in-situ,Actual in-situ (pT) conditions,,,,,"Alexey Petrunin, Florian Neumann",,6/06/2023,completed,,Norwegian Sea,Eurasian Plate,marine,2012,Ux.M4.-------,R24-P002234,R24-002275
170.0,,2701,80.47000,29.85300,-390.00,offshore (continental),,,,,Probing (offshore/ocean),Research,170.0,,Interval method,,,,Akhmedzyanov_etal._2012b,,Yes,,Considered – pT,,,,,,,,,R/V 27 Akademik Nikolai Strakhov,Violin-Bow probe (Lister),,,,sediments,Cenozoic,170.00,,,,,,,,,,,2010-08,1.00,,In-situ probe,Actual heat-flow location,Probe - pulse technique,Saturated measured in-situ,Actual in-situ (pT) conditions,,,,,"Alexey Petrunin, Florian Neumann",,6/06/2023,completed,,Arctic Ocean,Eurasian Plate,marine,2012,Ux.M4.-------,R24-P002235,R24-002276
203.0,,2702,80.47000,29.87500,-438.00,offshore (continental),,,,,Probing (offshore/ocean),Research,203.0,,Interval method,,,,Akhmedzyanov_etal._2012b,,Yes,,Considered – pT,,,,,,,,,R/V 27 Akademik Nikolai Strakhov,Violin-Bow probe (Lister),,,,sediments,Cenozoic,216.00,,,,,,,,,,,2010-08,0.94,,In-situ probe,Actual heat-flow location,Probe - pulse technique,Saturated measured in-situ,Actual in-situ (pT) conditions,,,,,"Alexey Petrunin, Florian Neumann",,6/06/2023,completed,,Arctic Ocean,Eurasian Plate,marine,2012,Ux.M4.-------,R24-P002236,R24-002277
195.0,,2703,80.46600,29.87800,-440.00,offshore (continental),,,,,Probing (offshore/ocean),Research,195.0,,Interval method,,,,Akhmedzyanov_etal._2012b,,Yes,,Considered – pT,,,,,,,,,R/V 27 Akademik Nikolai Strakhov,Violin-Bow probe (Lister),,,,sediments,Cenozoic,205.00,,,,,,,,,,,2010-08,0.95,,In-situ probe,Actual heat-flow location,Probe - pulse technique,Saturated measured in-situ,Actual in-situ (pT) conditions,,,,,"Alexey Petrunin, Florian Neumann",,6/06/2023,completed,,Arctic Ocean,Eurasian Plate,marine,2012,Ux.M4.-------,R24-P002237,R24-002278
376.0,,2704,80.44300,29.53600,-357.00,offshore (continental),,,,,Probing (offshore/ocean),Research,376.0,,Interval method,,,,Akhmedzyanov_etal._2012b,,Yes,,Considered – pT,,,,,,,,,R/V 27 Akademik Nikolai Strakhov,Violin-Bow probe (Lister),,,,sediments,Cenozoic,327.00,,,,,,,,,,,2010-08,1.15,,In-situ probe,Actual heat-flow location,Probe - pulse technique,Saturated measured in-situ,Actual in-situ (pT) conditions,,,,,"Alexey Petrunin, Florian Neumann",,6/06/2023,completed,,Arctic Ocean,Eurasian Plate,marine,2012,Ux.M4.-------,R24-P002238,R24-002279
202.0,,2705,77.18500,11.51700,-573.00,offshore (continental),,,,,Probing (offshore/ocean),Research,202.0,,Interval method,,,,Akhmedzyanov_etal._2012b,,Yes,,Considered – pT,,,,,,,,,R/V 27 Akademik Nikolai Strakhov,Violin-Bow probe (Lister),,,,sediments,Cenozoic,162.00,,,,,,,,,,,2010-08,1.25,,In-situ probe,Actual heat-flow location,Probe - pulse technique,Saturated measured in-situ,Actual in-situ (pT) conditions,,,,,"Alexey Petrunin, Florian Neumann",,6/06/2023,completed,,Greenland Sea,Eurasian Plate,marine,2012,Ux.M4.-------,R24-P002239,R24-002280
106.0,,2706,77.28400,10.95500,-1093.00,offshore (continental),,,,,Probing (offshore/ocean),Research,106.0,,Interval method,,,,Akhmedzyanov_etal._2012b,,Yes,,Considered – pT,,,,,,,,,R/V 27 Akademik Nikolai Strakhov,Violin-Bow probe (Lister),,,,sediments,Cenozoic,103.00,,,,,,,,,,,2010-08,1.03,,In-situ probe,Actual heat-flow location,Probe - pulse technique,Saturated measured in-situ,Actual in-situ (pT) conditions,,,,,"Alexey Petrunin, Florian Neumann",,6/06/2023,completed,,Greenland Sea,Eurasian Plate,marine,2012,Ux.M4.-------,R24-P002240,R24-002281
109.0,,2707,77.40000,10.39100,-1422.00,offshore (continental),,,,,Probing (offshore/ocean),Research,109.0,,Interval method,,,,Akhmedzyanov_etal._2012b,,Yes,,Considered – pT,,,,,,,,,R/V 27 Akademik Nikolai Strakhov,Violin-Bow probe (Lister),,,,sediments,Cenozoic,124.00,,,,,,,,,,,2010-08,0.88,,In-situ probe,Actual heat-flow location,Probe - pulse technique,Saturated measured in-situ,Actual in-situ (pT) conditions,,,,,"Alexey Petrunin, Florian Neumann",,6/06/2023,completed,,Greenland Sea,Eurasian Plate,marine,2012,Ux.M4.-------,R24-P002241,R24-002282
132.0,,2708,77.51500,9.60900,-1750.00,offshore (continental),,,,,Probing (offshore/ocean),Research,132.0,,Interval method,,,,Akhmedzyanov_etal._2012b,,Yes,,Considered – pT,,,,,,,,,R/V 27 Akademik Nikolai Strakhov,Violin-Bow probe (Lister),,,,sediments,Cenozoic,163.00,,,,,,,,,,,2010-08,0.81,,In-situ probe,Actual heat-flow location,Probe - pulse technique,Saturated measured in-situ,Actual in-situ (pT) conditions,,,,,"Alexey Petrunin, Florian Neumann",,6/06/2023,completed,,Greenland Sea,Eurasian Plate,marine,2012,Ux.M3.-------,R24-P002242,R24-002283
189.0,,2709,77.61600,8.84300,-2066.00,offshore (continental),,,,,Probing (offshore/ocean),Research,189.0,,Interval method,,,,Akhmedzyanov_etal._2012b,,Yes,,Considered – pT,,,,,,,,,R/V 27 Akademik Nikolai Strakhov,Violin-Bow probe (Lister),,,,sediments,Cenozoic,203.00,,,,,,,,,,,2010-08,0.93,,In-situ probe,Actual heat-flow location,Probe - pulse technique,Saturated measured in-situ,Actual in-situ (pT) conditions,,,,,"Alexey Petrunin, Florian Neumann",,6/06/2023,completed,,Greenland Sea,Eurasian Plate,marine,2012,Ux.M3.-------,R24-P002243,R24-002284
190.0,,2710,77.71900,8.31200,-2190.00,offshore (continental),,,,,Probing (offshore/ocean),Research,190.0,,Interval method,,,,Akhmedzyanov_etal._2012b,,Yes,,Considered – pT,,,,,,,,,R/V 27 Akademik Nikolai Strakhov,Violin-Bow probe (Lister),,,,sediments,Cenozoic,183.00,,,,,,,,,,,2010-08,1.04,,In-situ probe,Actual heat-flow location,Probe - pulse technique,Saturated measured in-situ,Actual in-situ (pT) conditions,,,,,"Alexey Petrunin, Florian Neumann",,6/06/2023,completed,,Greenland Sea,North American Plate,marine,2012,Ux.M3.-------,R24-P002244,R24-002285
204.0,,2711,77.76600,8.05900,-2620.00,offshore (continental),,,,,Probing (offshore/ocean),Research,204.0,,Interval method,,,,Akhmedzyanov_etal._2012b,,Yes,,Considered – pT,,,,,,,,,R/V 27 Akademik Nikolai Strakhov,Violin-Bow probe (Lister),,,,sediments,Cenozoic,204.00,,,,,,,,,,,2010-08,1.00,,In-situ probe,Actual heat-flow location,Probe - pulse technique,Saturated measured in-situ,Actual in-situ (pT) conditions,,,,,"Alexey Petrunin, Florian Neumann",,6/06/2023,completed,,Greenland Sea,North American Plate,marine,2012,Ux.M3.-------,R24-P002245,R24-002286
70.0,,2712,78.25400,2.59700,-2615.00,offshore (continental),,,,,Probing (offshore/ocean),Research,70.0,,Interval method,,,,Akhmedzyanov_etal._2012b,,Yes,,Considered – pT,,,,,,,,,R/V 27 Akademik Nikolai Strakhov,Violin-Bow probe (Lister),,,,sediments,Cenozoic,65.00,,,,,,,,,,,2010-08,1.08,,In-situ probe,Actual heat-flow location,Probe - pulse technique,Saturated measured in-situ,Actual in-situ (pT) conditions,,,,,"Alexey Petrunin, Florian Neumann",,6/06/2023,completed,,Greenland Sea,North American Plate,marine,2012,Ux.M3.-------,R24-P002246,R24-002287
